{"cameraMode":{"drawMode":0,"name":"Shaded","section":"Shading Mode"},"sceneLighting":false,"audioPlay":false,"sceneViewState":{"showFog":true,"showMaterialUpdate":false,"showSkybox":true,"showFlares":true,"showImageEffects":true,"showParticleSystems":true},"in2DMode":false,"pivot":{"x":0.0,"y":0.18900005519390107,"z":1868.532470703125},"rotation":{"x":-0.152386873960495,"y":-0.014824207872152329,"z":0.0022858830634504558,"w":-0.9882071614265442},"size":199.73623657226563,"orthographic":false}